Name,Client,Ink Type,Substrate,Coating,Ink number,SAP,approved_on ,created_at,Comments,customer_id
AVEENO BABY BUFF,,UV,SBS,AQ MATTE,EPS0039C,1475916,INT,21/Mar/2014,,3
AVEENO BABY STRIPE YELLOW,,UV,SBS,AQ MATTE,EPS0040C,1475918,INT,21/Mar/2014,,3
BBK OCEAN,QPSI,UV,EVEREST,AQ,EPS0270C,1583332,INT,1/Feb/2019,,3
CANADIAN TIRE GREEN,,UV,SBS,,EPS0089C,1500689,CLIENT,5/Jun/2015,,3
CANADIAN TIRE RED,,UV,SBS,,EPS0088C,1500690,CLIENT,5/Jun/2015,,3
CENTRUM BLUE,PFIZER,UV,SBS,AQ,EPS0022C,1471552,INT,27/Jan/2015,TO STANDARD #11,3
CF10139 ORANGE,,UV,SBS,,EPS0065C,1491282,,19/Dec/2014,,3
COMPLIMENTS DK BLUE,,UV,CCNB,AQ,EPS0033C,1472896,,13/Feb/2014,,3
COMPLIMENTS LT BLUE,,UV,CCNB,AQ,EPS0032C,1472895,,13/Feb/2014,,3
CONV. PANTONE PURPLE,,C,EVEREST,AQ,EPS0201E,1546532,INT,13/Jul/2017,,3
CONV.WRIGLEY BLUE 30231,NOWPAK,C,STRATHCOTE,AQ,EPS0208,1550260,,25/Sep/2017,,3
COOL GREY #2,,UV,EVEREST,UV,EPU0002E,1575566,,19/Sep/2018,,3
COOL GREY 10,,C,EVEREST,AQ,EPC0010E,1503472,CLIENT,31/Aug/2016,COOL GREY,3
COOL GREY 3C,,UV,EVEREST,UV,EPU0003E,1605572,,6/Dec/2019,,3
COOL GREY 6,,UV,EVEREST,ST,EPU0006E,1606080,INT,11/Dec/2019,,3
COOL GREY 7C,,C,EVEREST,AQ,EPS0173E,1529465,INT,23/Sep/2014,,3
DERMA SCIENCE BLUE,DERMA SCIENCE,UV,CONQUEST,AQ,EPS0189C,1543441,INT,17/May/2017,,3
DK+LT GREY,,UV,EVEREST,ST,EPS0300E,1606090,INT,11/Dec/2019,,3
EM GREEN,VEGAN WAY,UV,SBS,AQ,UV CURABLE EM GREEN,,,14/Feb/2020,RYCOLINE,3
CONV. WRIGLEY BLUE 31321,,C,CCNB,AQ,EPS0184C,1538748,,2/Mar/2018,,3
255 Purple ,,UV,,UV MATTE,EPS0200E,1546378,,25/Sep/2017,RUB TEST,3
EQUATE BEAUTY MET. GOLD,APOLLO,UV,EVEREST,UV,EPS0202E,1548330,CLIENT,12/Jul/2017,,3
GLENWOOD 144 ORANGE,GLENWOOD,UV,EVEREST,AQ,EPS0213,1557543,INT,6/Dec/2017,,3
GREEN 367C,,UV,EVEREST,MATTE,EPS0291E,1595398,INT,3/Jul/2019,,3
GREEN BEAVER BLUE,GREEN BEAVER,UV,CCNB,AQ,EPS0131C,1520901,,14/Aug/2017,,3
GREEN BEAVER GREEN,GREEN BEAVER,UV,CCNB,AQ,EPS0130C,1520912,,6/Oct/2016,,3
HOMEOCAN 032C,HOMEOCAN,UV,EVEREST,UV,EPS0179E,1537272,INT,9/Feb/2017,,3
HOMEOCAN 121,HOMEOCAN,UV,EVEREST,UV,EPS0181E,1537295,INT,9/Feb/2017,RUN DENSITY DOWN TO MATCH CARTON SUPPLIED,3
HOMEOCAN 123,HOMEOCAN,UV,EVEREST,UV,EPS0182E,1537298,INT,9/Feb/2017,,3
HOMEOCAN 368 GREEN,HOMEOCAN,UV,EVEREST,UV,EPS0178E,1536998,,6/Feb/2017,,3
JAREMANS BLUE,,UV,EVEREST,AQ,EPS0186E,1540417,INT,29/Mar/2017,,3
JAREMANS GREEN,,UV,EVEREST,AQ,EPS0185E,1540416,INT,29/Mar/2017,,3
LABTICIAN PURPLE,LABTICIAN,UV,EVEREST,,EPS0008E,1470789,INT,22/Nov/2017,"MATCHED TO A SCREEN, IF ART SOLID NEEDS TO BE REMATCHED",3
NORWEX GREEN,,UV,CCNB,AQ,EPS0224C,1567045,,27/Apr/2018,,3
Pantone Pro Blue,Advil,C,Everest,AQ,EPS0115E,1512456,Int,11/Mar/2020,,3
Pantone Pro Yellow,Advil,UV,Everest,AQ,EPS0306E,1612971,Int,14/Apr/2020,,3
Pantone Purple,Advil,UV,Everest,AQ,EPS0305E,1612969,INT,24/Apr/2020,,3
PANTONE VIOLET,,UV,EVEREST,,EPS0108E,1508139,,6/Oct/2015,,3
Pantone Yellow,Advil,UV,Everest,AQ,EPS0306E,1612971,,14/Apr/2020,,3
Pantone Yellow,Advil,C,Everest,,1613078-1319,1613078,Int,16/Apr/2020,Hard Dri for blister coating,3
PMS 012,,UV,EVEREST,UV,EPU0012E,1593826,,3/Jun/2019,,3
PMS 012,,C,EVEREST,AQ,EPC0012E,1472358,INT,2/Aug/2019,,3
PMS 012C,,UV,SBS,AQ,EPS0028C,1472353,,15/Jan/2014,,3
PMS 021,,C,EVEREST,AQ,EPC0021E,1598647,INT,14/Aug/2019,,3
PMS 021 ORANGE,,UV,EVEREST,UV,EPS0198E,1545557,CLIENT,23/Jun/2017,,3
PMS 032,Advil,UV,Everest,AQ,EPU0032,1613448,Client,23/Apr/2020,,3
PMS 032C RED WALGREENS,,CONV,EVEREST,AQ,EPS0253C,1577924,INT,31/Oct/2018,,3
PMS 072C,,UV,SBS,AQ,EPS0029C,1472375,,15/Jan/2014,,3
PMS 10119,,UV,EVEREST,AQ,EPU10119E,1561306,CLIENT,21/Feb/2018,,3
PMS 10119,,C,EVEREST,AQ,EPC10119E,1574964,,11/Sep/2018,,3
PMS 10120,,UV,EVEREST,UV,EPS0294C,1596479,INT,7/Nov/2019,,3
PMS 10120 MET YELLOW,,UV,EVEREST,UV,EPS0294C,1596479,INT,11/Jul/2019,,3
PMS 10135,,UV,CCNB,UV,EPU10135C,1568980,CLIENT,6/Jun/2018,,3
PMS 101C,,UV,CCNB,AQ,EPU0101C,1527011,,1/Aug/2018,,3
PMS 101C,,UV,EVEREST,UV,EPU0101E,1527011,INT,12/Aug/2016,,3
PMS 102,,UV,EVEREST,UV,EPU0102E,1540067,INT,23/Mar/2017,,3
PMS 10356,,UV,EVEREST,,EPU10356E,1513136,,11/Jan/2016,,3
PMS 10364,,UV,EVEREST,,EPU10364E,1513152,,11/Jan/2016,,3
PMS 10364,,UV,CAROLINA,,EPU10364C,1519911,,15/Apr/2016,,3
PMS 10398,,UV,CAROLINA,,EPU10398C,1519952,,15/Apr/2016,,3
PMS 107,,C,EVEREST,AQ,EPC0107E,1545035,INT,15/Jun/2017,,3
PMS 109,,C,SBS,AQ,EPC0109C,1487275,INT,15/Aug/2014,,3
PMS 109C,Advil,UV,EVEREST,AQ,EPU0109E,1469050,Client,24/Apr/2020,,3
PMS 116,,C,EVEREST,AQ,EPC0116C,1488584,CLIENT,26/Jan/2018,,3
PMS 116C,,UV,EVEREST,UV,EPU0116E,1540991,,5/Apr/2014,,3
PMS 120,,UV,EVEREST,AQ,EPU0120E,1543156,INT,11/May/2017,,3
PMS 120,,C,,AQ,EPU0120E,1539351,,11/May/2017,,3
PMS 120,,C,EVEREST,AQ,EPC0120C,1498766,,5/Feb/2018,,3
PMS 122,,C,EVEREST,AQ,EPC0122E,1607895,INT,20/Jan/2020,,3
PMS 123,,C,CCNB,AQ MATTE,EPC0123C,1500401,,27/Nov/2018,,3
PMS 1235,,UV,CCNB,ST,EPU1235C,1472594,INT,1/Feb/2019,,3
PMS 1235,,C,EVEREST,AQ,EPC1235E,1472546,INT,14/Aug/2019,,3
PMS 1235C,,UV,SBS,AQ,EPU1235C,1472594,,17/Jan/2014,,3
PMS 123C,,UV,EVEREST,AQ,EPU0123E,1505462,INT,14/May/2018,,3
PMS 123C,,UV,CCNB,MATTE AQ,EPU0123E,1505462,,30/Oct/2018,,3
PMS 124C,,UV,EVEREST,AQ,EPU0124E,1569642,,8/Jun/2018,,3
PMS 130,,C,EVEREST,AQ,EPC0130E,1506656,,18/Sep/2018,,3
PMS 130C,,UV,EVEREST,,EPU0130E,1506656,INT,28/Nov/2017,,3
PMS 135C,,UV,EVEREST,ST+UV,EPU0135E,1530501,,31/Oct/2016,,3
PMS 137,,C,EVEREST,AQ,EPC0137E,1505421,INT,24/May/2018,,3
PMS 1375,,UV,EVEREST,AQ,EPU1375C,1560690,INT,16/Apr/2018,,3
PMS 1375,,UV,EVEREST,AQ,EPU1375C,1560690,INT,1/Feb/2018,,3
PMS 1375,,C,EVEREST,AQ,EPC1375E,1573987,INT,23/Aug/2018,,3
PMS 1375C ORANGE,,UV,EVEREST,AQ,EPS0277E,1585698,,11/Mar/2109,,3
PMS 137C,,UV,EVEREST,AQ,EPU0137E,1583490,INT,5/Feb/2019,,3
PMS 143,,C,EVEREST,ST,EPC0143E,1585308,CLIENT,3/Jun/2019,,3
PMS 143C,,UV,EVEREST,UV,EPU0143E,1572765,,1/Aug/2018,,3
PMS 144,,C,CCNB,AQ,EPC0144C,1486930,,27/Nov/2018,,3
PMS 144C,,UV,CCNB,MATTE AQ,EPU0144E,1493138,,30/Oct/2018,,3
PMS 144C,,UV,EVEREST,AQ,EPU0144E,1493138,INT,15/Dec/2017,,3
PMS 144C YELLOW,,UV,EVEREST,AQ,EPS0280E,1585694,,11/Mar/2109,,3
PMS 1495,,UV,EVEREST,AQ,EPU1495E,1569796,CLIENT,12/Jun/2018,,3
PMS 1495,,C,EVEREST,AQ,EPC1495E,1580234,,11/Dec/2018,,3
PMS 1495C ORANGE,,UV,EVEREST,AQ,EPS0255E,1580335,CLIENT,12/Dec/2018,,3
PMS 150,,C,PRINTKOTE,AQ,EPC0150C,1511262,,30/Nov/2015,,3
PMS 1505,,UV,EVEREST,UV,EPU1505C,1497269,,9/Apr/2015,,3
PMS 151,,UV,EVEREST,UV,EPU0151E,1521187,CLIENT,2/Jun/2016,,3
PMS 1545,,UV,CCNB,ST,EPU1545E,1539902,,1/Feb/2019,,3
PMS 1545,,UV,EVEREST,UV,EPU1545E,1539902,CLIENT,23/Mar/2017,,3
PMS 1545,,C,EVEREST,AQ,EPC1545E,1575760,,24/Sep/2018,,3
PMS 155,,UV,MILLMASK,AQ,EPU0155C,1543245,,11/May/2017,,3
PMS 1555,,UV,EVEREST,MATTE AQ,EPU1555E,1594092,INT,3/Jul/2019,,3
PMS 157C,,UV,,AQ,EPU0157E,1602569,INT,16/Oct/2019,,3
PMS 158,,C,EVEREST,ST,EPC0158E,1585322,CLIENT,6/Mar/2019,,3
PMS 1585,,UV,EVEREST,UV,EPU1585E,1593827,,26/Mar/2020,,3
PMS 1585,,C,EVEREST,AQ,EPC1585E,1598125,INT,15/Aug/2019,,3
PMS 1595,,UV,EVEREST,UV,EPU1595E,1564619,CLIENT,27/Mar/2018,,3
PMS 159C,,UV,EVEREST,,EPU0159E,1556881,CLIENT,28/Nov/2017,,3
PMS 162C,,UV,EVEREST,UV,EPU0162E,1575568,,19/Sep/2018,,3
PMS 1635,,UV,EVEREST,AQ,EPU1635E,1577902,,30/Oct/2018,,3
PMS 165,,UV,EVEREST,AQ,EPU0165E,1538820,INT,21/Feb/2018,,3
PMS 1655,,UV,CCNB,MATTE,EPU1655C,1595632,INT,26/Jun/2019,,3
PMS 1665,,UV,,MATTE AQ,EPU1665C,1488582,,25/Oct/2018,,3
PMS 1665,,C,CCNB,MATTE AQ,EPC1665C,1577856,,30/Oct/2018,,3
PMS 1665C EMERGEN-C ORANGE,PFIZER,UV,EVEREST,UV,EPS0164E,1528205,INT,29/Aug/2016,,3
PMS 168,,C,MILLMASK,AQ,EPC0168C,1573354,,13/Aug/2018,,3
PMS 169,,C,EVEREST,AQ,EPC0169E,1603649,CLIENT,5/Dec/2019,,3
PMS 170,,C,CCNB,AQ,EPC0170C,1600108,,6/Sep/2019,,3
PMS 171C,,UV,EVEREST,AQ,EPU0171E,1538359,,24/Feb/2017,BRING UP DENSITY,3
PMS 172C,,UV,Everest,UV,EPU0172E,1613419,,23/Apr/2020,,3
PMS 173C,,UV,EVEREST,MATTE UV,EPU0173E,1578481,,8/Nov/2018,,3
PMS 1788,,UV,SBS,UV,EPU1788C,1497270,,9/Apr/2015,,3
PMS 1788,,UV,EVEREST,ST,EPU1788E,1531531,,1/Nov/2016,,3
PMS 1788,,C,EVEREST,AQ,EPC1788E,1545058,INT,17/Jun/2017,,3
PMS 179,,C,EVEREST,AQ,EPC0179C,1492955,,16/Jul/2015,,3
PMS 1795 RED,,UV,FOIL,,EPS0212C,1556880,CLIENT,29/Nov/2017,,3
PMS 1805,,UV,SUS,UV,EPU1805C,1596956,INT,17/Jul/2019,,3
PMS 1805,,UV,EVEREST,AQ,EPU1805C,1596956,,1/Aug/2019,,3
PMS 1805,,C,EVEREST,AQ,EPC1805E,1575748,,24/Sep/2018,,3
PMS 184,,C,CCNB,AQ,EPC0184C,1600107,INT,6/Sep/2019,,3
PMS 185,Advil,UV,EVEREST,AQ,EPU0185E,1490779,Client,20/Apr/2020,,3
PMS 185,,C,EVEREST,AQ,EPC0185E,1523079,,5/Oct/2018,,3
PMS 185,,C,EVEREST,AQ,EPC0185E,1497599,,6/May/2016,,3
PMS 185,Advil,C,Everest,,1613082-1319,1613082,INT,16/Apr/2020,Hard Dri for blister coating,3
PMS 185C RED,,UV,GREASE RESIST,AQ,EPS0161C,1527859,INT,25/Aug/2016,,3
PMS 185C RED,,UV,EVEREST,AQ,EPS0279E,1585695,,11/Mar/2109,,3
PMS 186 RED,SAP NOT EXIST,UV,CCNB,AQ,EPS0004C,1469395,INT,30/Oct/2013,,3
PMS 186 RED,,UV,Foil Board,UV MATTE,EPS0308C,1613776,Int,30/Apr/2020,,3
PMS 186C,,UV,CCNB,,EPU0186C,1466818,,29/Oct/2013,,3
PMS 186C,,UV,EVEREST,AQ,EPU0186C,1466818,,30/Oct/2018,,3
PMS 187C,,UV,EVEREST,UV,EPU0187E,1535167,INT,5/Jan/2016,,3
PMS 188,,UV,Everest,AQ,EPU0188E,1611140,Int,9/Mar/2020,,3
PMS 188,Advil,UV,Everest,AQ,EPU0188E,1611140,Int,9/Mar/2020,,3
PMS 188,,C,EVEREST,AQ,EPC0188E,1611270,INT,10/Mar/2020,,3
PMS 1905,,UV,EVEREST,UV,EPU1905E,,,13/Jul/2016,,3
PMS 1915,,UV,EVEREST,UV,EPU1915E,,INT,12/Jul/2016,,3
PMS 1915,,UV,EVEREST,AQ,EPU1915E,1524967,,30/Oct/2018,,3
PMS 1915,,UV,EVEREST,,EPU1915E,,CLIENT,28/Nov/2017,,3
PMS 192,,UV,PRO,AQ,EPU0192C,1609386,INT,10/Feb/2020,,3
PMS 193,,C,EVEREST,AQ,EPC0193E,1598663,INT,14/Aug/2019,,3
PMS 1935,,UV,,UV,EPU1935E,,INT,5/Apr/2017,,3
PMS 1935,,C,EVEREST,AQ,EPC1935C,1579589,,29/Nov/2018,,3
PMS 193C,,UV,EVEREST,UV,EPU0193E,1498493,INT,15/Jan/2019,,3
PMS 194,,UV,POLY,AQ,EPU0194P,1509099,INT,14/Sep/2016,,3
PMS 194,,C,EVEREST,AQ,EPC0194C,1576734,,10/Oct/2018,,3
PMS 195C,Advil,UV,Everest,AQ,EPU0195E,1613795,Int,30/Apr/2020,,3
PMS 195C MAROON,,UV,MET POLY,UV MATTE,EPS0226C,1568938,,30/May/2018,,3
PMS 199,,C,EVEREST,AQ,EPC0199E,1505815,INT,25/Aug/2015,,3
PMS 199C,,UV,MET POLY,UV,EPU0199E,1537364,CLIENT,21/Oct/2019,,3
PMS 199C,,UV,EVEREST,UV,EPU0199E,1537364,,15/Feb/2017,,3
PMS 200,,C,CCNB,AQ,EPC0200C,1573539,INT,18/Aug/2018,,3
PMS 200,,C,EVEREST,AQ,EPC0200E,1505905,INT,16/Aug/2018,,3
PMS 2002,,UV,N FLUTE,AQ,EPU2002C,1534959,INT,4/Jan/2016,,3
PMS 2006,,UV,PRINTKOTE,AQ,EPU2006C,1531304,INT,27/Oct/2016,,3
PMS 200C,,UV,COLD FOIL,UV,EPU0200E,1544137,CLIENT,19/Jun/2019,,3
PMS 200C,,UV,EVEREST,UV,EPU0200E,1544137,INT,30/May/2017,,3
PMS 200C,,UV,EVEREST,ST+UV,EPU0200E,1544137,,31/Oct/2016,,3
PMS 201E,,UV,EVEREST,AQ,EPU0201E,1518292,CLIENT,9/Feb/2018,,3
PMS 2041,,UV,EVEREST,UV,EPU2041E,1582102,INT,16/Jan/2019,,3
PMS 2041C RED,,UV,MET POLY,UV,EPS0254C,1579087,,19/Nov/2018,,3
PMS 205C,,UV,EVEREST+COLD FOIL,,EPU0205E,1511519,,7/Dec/2015,,3
PMS 206C RED,,UV,N FLUTE,AQ,EPS0199C,1545879,,29/Jun/2017,,3
PMS 208,,C,EVEREST,AQ,EPC0208E,1610227,INT,24/Feb/2020,,3
PMS 209,Advil,C,EVEREST,AQ,EPC0209E,1513294,Int,14/Apr/2020,,3
PMS 210,,C,EVEREST,AQ,EPC0210C,1497996,CLIENT,31/Oct/2016,,3
PMS 2104,,UV,EVEREST,UV MATTE,EPU2104E,1578493,,8/Nov/2018,,3
PMS 2119,,UV,EVEREST,UV,EPU2119E,1564614,CLIENT,23/Mar/2018,,3
PMS 212,,C,EVEREST,AQ,EPC0212E,1574665,INT,14/Sep/2018,,3
PMS 212C,WALLGREENS,UV,EVEREST,AQ,EPU0212E,1565428,CLIENT,5/Apr/2018,,3
PMS 212C,,UV,COLD FOIL,UV,EPU0212E,1565428,CLIENT,19/Jun/2019,,3
PMS 213C,,UV,CCNB,MATTE,EPU0213C,1595609,INT,26/Jun/2019,,3
PMS 2144,,UV,EVEREST,UV,EPU2144E,1596340,INT,9/Jul/2019,,3
PMS 2144,,C,EVEREST,AQ,EPC2144E,1545053,INT,15/Jun/2017,,3
PMS 220,,UV,EVEREST,AQ,EPU0220E,1611033,INT,5/Mar/2020,,3
PMS 220,,C,EVEREST,AQ,EPC0220E,1529854,,30/Sep/2014,,3
PMS 221C,,UV,CHIP,AQ,EPS0194C,1544118,INT,30/May/2017,,3
PMS 224,,UV,EVEREST,UV,EPU0224E,1540064,INT,23/Mar/2017,,3
PMS 2248,,UV,N FLUTE,AQ,EPU2248C,1522774,,29/Jun/2017,,3
PMS 225,,UV,EVEREST,AQ,EPU0225E,1611034,INT,11/Mar/2020,,3
PMS 225,,C,EVEREST,AQ,EPC0225C,1560802,INT,1/Feb/2018,,3
PMS 227,,UV,EVEREST,AQ,EPU0277E,1553424,CLIENT,11/Oct/2017,,3
PMS 227 ,,UV,EVEREST,UV,EPU0227E,1553424,CLIENT,23/Mar/2018,,3
PMS 228,,C,CCNB,AQ,EPC0228C,1529251,INT,6/Sep/2019,,3
PMS 2301,,C,ANCORA,AQ,EPC2301AC,1606953,INT,3/Jan/2020,,3
PMS 231,,C,EVEREST,,EPC0231E,1501225,,6/Aug/2015,,3
PMS 233,,C,EVEREST,AQ,EPC0233E,1462450,INT,14/Sep/2014,,3
PMS 233,,UV,EVEREST,,EPU0233E,1529331,,,,3
PMS 2333,,UV,EVEREST,AQ,EPU2333E,1567955,INT,14/May/2018,,3
PMS 234,,C,CCNB,AQ MATTE,EPC0234C,1578971,,16/Nov/2018,,3
PMS 234C,,UV,EVEREST,AQ,EPU0234E,1477603,INT,23/Sep/2014,DENSITY HIGH,3
PMS 234C PINK,,UV,,MATTE AQ,EPS0252C,1577715,,26/Oct/2018,,3
PMS 239,,C,EVEREST,AQ,EPC0239E,1505901,INT,26/Aug/2015,,3
PMS 2397,,C,EVEREST,AQ,EPC2397,1597939,INT,1/Aug/2019,,3
PMS 2397,,C,EVEREST,AQ,EPC2397E,1599333,,26/Aug/2019,,3
PMS 2405,,UV,KALLIMA,UV,EPU2405C,1553138,CLIENT,17/Dec/2017,,3
PMS 2415,,UV,EVEREST,AQ,EPU2415E,1607525,CLIENT,14/Jan/2020,,3
PMS 241C,,UV,EVEREST,AQ,EPU0241E,1600286,,10/Sep/2019,,3
PMS 2422,,UV,EVEREST,UV,EPU2422E,1564615,CLIENT,23/Mar/2018,,3
PMS 254,,UV,Everest,UV,EPU0254E,1613426,Int,23/Apr/2020,,3
PMS 255,,UV,EVEREST,AQ,EPU0255E,1611446,INT,12/Mar/2020,,3
PMS 255,,C,POLY,AQ,EPS0092C,1501546,INT,2/Oct/2018,,3
PMS 255,,C,EVEREST,AQ,EPS0092E,1501546,INT,14/Aug/2015,,3
PMS 255 PURPLE,,UV,EVEREST,AQ,EPS0200E,1546378,CLIENT,17/Oct/2017,,3
PMS 2573C PINK,,UV,MET POLY,,EPS0146C,1525182,CLIENT,28/Sep/2014,,3
PMS 2582,Advil,UV,Everest,AQ,EPU2582E,1611282,Client,9/Apr/2020,,3
PMS 2583,Advil,UV,Everest,AQ,EPU2583E,1493880,Client,24/Apr/2020,,3
PMS 2587,,UV,EVEREST,UV,EPU2587C,1480135,INT,7/Feb/2020,A LITTLE HEAVY TO BOOK,3
PMS 2587,,UV,SBS,AQ,EPU02587,1480135,,28/May/2014,,3
PMS 2587,Advil,C,EVEREST,AQ,EPC2587E,1608841,INT,14/Apr/2020,,3
PMS 2593,Advil,UV,EVEREST,AQ,EPU2593E,1537598,Client,24/Apr/2020,,3
PMS 2593,,C,EVEREST,AQ,EPC02593,1499018,CLIENT,31/Aug/2016,,3
PMS 260,,C,CCNB,AQ MATTE,EPC0260C,1579378,,27/Nov/2018,,3
PMS 260 PURPLE,,UV,MET POLY,,EPS0147C,1525299,CLIENT,28/Sep/2014,,3
PMS 2602,Advil,C,Everest,AQ,EPC2602E,1612963,,14/Apr/2020,,3
PMS 2603,Advil,UV,Everest,AQ,EPU2603C,1467462,Int,2/Mar/2020,,3
PMS 2603,Advil,C,EVEREST,AQ,EPC2603E,1608974,INT,3/Feb/2020,,3
PMS 260C,,UV,CCNB,MATTE AQ,EPU0260C,1528606,,22/Nov/2018,,3
PMS 260C PURPLE,,UV,MET POLY,UV,EPS0134C,1522122,,24/May/2016,,3
PMS 2613,,UV,EVEREST,UV,EPU2613E,1568059,CLIENT,15/May/2018,,3
PMS 2617,,UV,EVEREST,UV,EPU2617E,1529094,INT,17/May/2017,,3
PMS 2645,,C,,AQ,EPC2645E,1542368,INT,26/Apr/2017,,3
PMS 2665,,UV,EVEREST,MATTE AQ,EPU2665E,1594137,INT,3/Jul/2019,,3
PMS 2665,,C,CCNB,AQ,EPC2665C,1585889,INT,13/Mar/2019,,3
PMS 266C,Advil,UV,EVEREST,AQ,EPU0266E,1613444,Client,24/Apr/2020,,3
PMS 267C,,UV,EVEREST,UV,EPU0267E,1537214,,23/Feb/2017,,3
PMS 267C,,UV,EVEREST,AQ,EPU0267E,1537214,INT,7/Feb/2017,,3
PMS 2685,,C,EVEREST,AQ,EPC2685C,1510486,,23/Aug/2017,,3
PMS 2685 PURPLE C,,UV,FOIL,AQ,EPS0133C,1521534,CLIENT,12/May/2016,,3
PMS 2685C PURPLE,,UV,N FLUTE,AQ,EPS0215C,1558816,CLIENT,5/Jan/2018,,3
PMS 268C,,UV,EVEREST,,EPU0268E,1508126,,6/Oct/2015,,3
PMS 271 PURPLE,,UV,EVEREST,AQ,EPS0211E,1553136,CLIENT,17/Oct/2017,,3
PMS 271C PURPLE,,C,EVEREST,AQ,EPS0241C,1576405,INT,2/Oct/2018,,3
PMS 2725,,UV,EVEREST,UV,EPU2725E,1537216,,21/Feb/2017,,3
PMS 2725,,UV,EVEREST,AQ,EPU2725E,1537216,INT,7/Feb/2017,RUN DENSITY DOWN TO MATCH,3
PMS 2725,,UV,EVEREST,UV,EPU2725E,1537216,INT,4/Dec/2017,,3
PMS 2726,,UV,EVEREST,AQ,EPU2726E,1557047,INT,29/Nov/2017,,3
PMS 2726,,C,EVEREST,AQ,EPC2726E,1557317,INT,1/Dec/2017,,3
PMS 2727,,C,EVEREST,AQ,EPC2727E,1554029,INT,27/Jun/2018,,3
PMS 272C,,UV,N FLUTE,AQ,EPU0272C,1558471,INT,27/Dec/2017,,3
PMS 273,,C,EVEREST,AQ,EPC0273E,1611320,INT,11/Mar/2020,,3
PMS 2736,,UV,EVEREST,UV,EPU2736E,1540899,INT,5/Apr/2017,,3
PMS 2736,,UV,SBS,AQ,EPU2736E,1540899,,26/Jul/2019,,3
PMS 2736,,C,EVEREST,AQ,EPC2736,1553117,,16/Oct/2017,,3
PMS 273C,Advil,UV,Everest,AQ,EPU0273C,1528876,Client,25/Mar/2020,,3
PMS 2745,,UV,EVEREST,UV,EPU2745E,1535169,INT,5/Jan/2016,,3
PMS 2746,,UV,SBS,UV,EPU2746C,1497266,,9/Apr/2015,,3
PMS 2746,,C,EVEREST,AQ,EPC2746E,1534916,,3/Jan/2016,,3
PMS 2756,,UV,EVEREST,UV,EPU2756E,1546393,CLIENT,11/Jul/2017,,3
PMS 2756,,C,EVEREST,AQ,EPC2756E,1585887,INT,13/Mar/2019,,3
PMS 2757,,C,CCNB,AQ,EPC2757C,1574321,,30/Aug/2018,,3
PMS 2757,,C,EVEREST,AQ,EPC2757C,1484859,,14/Aug/2015,,3
PMS 2758,,C,EVEREST,AQ,EPC2758E,1573327,CLIENT,16/Apr/2018,,3
PMS 2758,,UV,EVEREST,UV,EPU2758C,1560751,,9/Jan/2018,,3
PMS 2758C BLUE,,UV,EVEREST,AQ,EPS0275E,1585701,,11/Mar/2109,,3
PMS 2767,Advil,UV,Everest,AQ,EPU2767E,1610616,Int,20/Feb/2020,,3
PMS 2767,,C,EVEREST,AQ,EPC2767E,1609075,INT,18/Feb/2020,,3
PMS 2768C BLUE,,UV,EVEREST,UV,EPS0223E,1566615,CLIENT,20/Apr/2018,,3
PMS 279,,C,EVEREST,AQ,EPC0279E,1520163,,30/Sep/2014,,3
PMS 280C,,UV,MET POLY,UV,EPU0280C,1493772,CLIENT,21/Oct/2019,,3
PMS 281C,,UV,EVEREST,UV,EPU0281E,1516636,CLIENT,6/May/2016,,3
PMS 283,,UV,EVEREST,MATTE,EPS0190E,1543465,,17/May/2017,,3
PMS 283C,,UV,EVEREST,AQ,EPU0283E,1607460,CLIENT,14/Jan/2020,,3
PMS 283,,C,EVEREST,,ECP0283E,1607812,,,,3
PMS 284,,C,EVEREST,AQ,EPC0284E,1588526,,30/Sep/2014,,3
PMS 285,,C,EVEREST,AQ,EPC0285C,1505401,CLIENT,26/Jan/2018,,3
PMS 285C BLUE,,UV,MILLMASK,AQ,EPS0284C,1588526,,22/Apr/2019,,3
PMS 286,,C,SBS,AQ,EPC0286C,1484276,INT,15/Aug/2014,,3
PMS 286C, ,UV,MET POLY,UV,EPS0286C,,,31/May/2016,,3
PMS 286C BLUE,,PLASLAM,MET POLY,UV,EPS0137C,1522515,,31/May/2016,,3
PMS 287,,UV,EVEREST,MATTE,EPU0287E,1524794,,17/May/2017,,3
PMS 287,,UV,EVEREST,MATTE ,EPS0191E,1543591,CLIENT,19/May/2017,,3
PMS 288C,,UV,SBS,AQ,EPU0288C,1470994,,6/Dec/2013,,3
PMS 2905,,UV,EVEREST,,EPU2905E,1524968,CLIENT,28/Nov/2017,,3
PMS 2905,,UV,EVEREST,UV,EPU2905E,1524968,INT,19/Jul/2016,,3
PMS 291,,C,EVEREST,AQ,EPC0291C,1493876,INT,25/Aug/2015,,3
PMS 2915,,UV,EVEREST,UV,EPU2915E,1583489,INT,5/Feb/2019,,3
PMS 291C BLUE,,UV,SUS,UV,EPS0295C,1596955,INT,17/Jul/2019,,3
PMS 2925,,UV,EVEREST,UV,EPU2925E,1529475,INT,21/Feb/2017,,3
PMS 2925,,UV,SBS,AQ,EPU2925E,1529475,CLIENT,16/Oct/2019,,3
PMS 292C,,UV,N FLUTE,AQ,EPU0292C,1508857,,20/Nov/2017,,3
PMS 293,,UV,EVEREST,UV,EPU0293E,1613447,CLIENT,17/May/2017,,3
PMS 293,,UV,SBS,AQ,EPU0293E,1613447,CLIENT,16/Oct/2019,,3
PMS 293,Advil,UV,Everest,AQ,EPU0293E,1613447,Client,23/Apr/2020,,3
PMS 293,,UV,EVEREST,MATTE,EPS0192E,1543464,CLIENT,19/May/2017,,3
PMS 293,,C,EVEREST,AQ,EPC0293E,1610663,INT,28/Feb/2020,,3
PMS 2935,,UV,EVEREST,AQ,EPU2935E,1543247,CLIENT,19/Jun/2018,,3
PMS 2935,,UV,CCNB,AQ,EPU2935C,1543247,,11/May/2017,,3
PMS 2935,,C,EVEREST,AQ,EPC2935E,1580222,INT,11/Dec/2018,,3
PMS 2945,,UV,EVEREST,AQ,EPU2945E,1529467,INT,23/Sep/2014,,3
PMS 2945,,UV,EVEREST,UV,EPU2945E,1529467,,8/Nov/2018,,3
PMS 2945C BLUE,,UV,EVEREST,AQ,EPS0237E,1574701,,6/Sep/2018,,3
PMS 2945C WALGREENS BLUE,,UV,EVEREST,AQ,EPS0220E,1565425,CLIENT,5/Apr/2018,,3
PMS 295,Advil,C,Everest,,1613079-1319,1613079,Int,16/Apr/2020,Hard Dri for blister coating,3
PMS 2955C BLUE,,UV,CARTONMATE,AQ,EPS0140,1522854,,7/Jun/2016,,3
PMS 295C,,UV,EVEREST,UV,EPU0295E,1521966,,6/Feb/2017,,3
PMS 297,,C,EVEREST,AQ,EPC0297E,1574227,,28/Aug/2018,,3
PMS 2975,,UV,EVEREST,UV,EPU2975E,1565568,CLIENT,8/Apr/2015,,3
PMS 2985,,UV,EVEREST,AQ,EPU2985E,1569797,CLIENT,12/Jun/2018,,3
PMS 2985,,C,EVEREST,AQ,EPC2985E,1580198,INT,11/Dec/2018,,3
PMS 298C,,UV,EVEREST,AQ,EPU0298E,1527002,INT,6/Mar/2017,,3
PMS 298C,,UV,EVEREST,UV,EPU0298E,1527002,INT,12/Aug/2016,,3
PMS 2995,,UV,EVEREST,UV,EPU2995E,1557214,INT,29/Nov/2017,,3
PMS 2995,,UV,EVEREST,UV,EPU2995E,1557214,CLIENT,6/Apr/2018,,3
PMS 2995,,C,,,EPC2995E,1599272,INT,23/Aug/2019,,3
PMS 3005,,UV,EVEREST,UV,EPU3005E,1480880,CLIENT,6/May/2016,,3
PMS 3005,,UV,EVEREST,AQ,EPU3005E,1480880,INT,2/Feb/2017,,3
PMS 3005,,UV,EVEREST,UV,EPU3005C,1480880,,18/Sep/2017,,3
PMS 3005,,C,SBS,AQ,EPC3005C,1486466,INT,25/Sep/2014,OK TO COLOUR STANDARD,3
PMS 3005,,C,CCNB,AQ,EPC3005C,1486466,INT,6/Sep/2019,,3
PMS 3015,,UV,EVEREST,ST,EPU3015C,1553204,,17/Oct/2017,,3
PMS 3015,,UV,COLD FOIL,UV,EPU3015E,1553204,CLIENT,19/Jun/2019,,3
PMS 302,Advil,UV,Everest,UV,EPU0302E,1612679,Int,8/Apr/2020,,3
PMS 302,,C,EVEREST,AQ,EPC0302E,1489627,Int,16/Apr/2020,,3
PMS 304C,,UV,EVEREST,UV,EPU0304E,1575502,,19/Sep/2018,,3
PMS 306,,UV,EVEREST,MATTE AQ,EPU0306E,1595331,INT,3/Jul/2019,,3
PMS 306,,C,EVEREST,AQ,EPC0306E,1577629,INT,25/Oct/2018,,3
PMS 306C,,UV,PRINTKOTE,AQ,EPU0306C,1531303,INT,27/Oct/2016,,3
PMS 307,,C,EVEREST,AQ,EPC0307E,1601998,INT,9/Oct/2019,,3
PMS 308,,C,CCNB,AQ,EPC0308C,1528607,,13/Aug/2018,,3
PMS 3105,,UV,EVEREST,AQ,EPU3105E,1561409,INT,9/Feb/2018,,3
PMS 3105,,C,EVEREST,AQ,EPC3105E,1574905,,11/Sep/2018,,3
PMS 312,,UV,EVEREST,AQ,EPU0312E,1611271,CLIENT,10/Mar/2020,,3
PMS 312,,C,,AQ,EPC0312E,1542367,INT,28/Apr/2017,,3
PMS 3125,,UV,SBS,AQ,EPU3125C,1480133,,28/May/2014,,3
PMS 3125,,C,EVEREST,AQ,EPC3125,1607898,INT,20/Jan/2020,,3
PMS 3135,,C,EVEREST,AQ,EPC3135E,1534559,INT,19/Dec/2016,,3
PMS 3135,NOT EXIST,UV,EVEREST,AQ,EPU3135E,,INT,19/Dec/2016,,3
PMS 3155,,UV,EVEREST,,EPU3155E,1550897,CLIENT,28/Nov/2017,,3
PMS 319,,C,EVEREST,AQ,EPC0319E,1610512,INT,27/Feb/2020,,3
PMS 320,,C,EVEREST,AQ,EPC0320C,1477590,,13/Oct/2017,,3
PMS 320C,,UV,COLD FOIL,UV,EPU0320C,1494210,CLIENT,19/Jun/2019,,3
PMS 320C,,UV,EVEREST,UV,EPU0320E,1494210,,1/Mar/2017,,3
PMS 321,,C,CCNB,AQ,EPC0321C,1573329,INT,13/Aug/2018,,3
PMS 322C,,UV,EVEREST,UV,EPU0322E,1539182,INT,3/Mar/2017,,3
PMS 3242,,UV,EVEREST,,EPU3242E,1513154,,11/Jan/2016,,3
PMS 3248,,UV,EVEREST,UV,EPU3248E,1557785,CLIENT,12/Dec/2017,,3
PMS 325,,UV,EVEREST,AQ,EPU0325E,1605591,CLIENT,4/Dec/2019,,3
PMS 325,,C,EVEREST,AQ,EPC0325E,1611470,INT,13/Mar/2020,,3
PMS 3252,,C,EVEREST,AQ,EPC3252E,1612559,INT,6/Apr/2020,,3
PMS 3252,Advil,C,Everest,,1613083-1319,1613083,Int,16/Apr/2020,Hard Dri for blister coating,3
PMS 3255,,UV,EVEREST,AQ,EPU3255E,1567930,INT,14/May/2018,,3
PMS 3255,,UV,SBS,AQ,EPU3255E,1567930,CLIENT,16/Oct/2019,,3
PMS 3255,,C,EVEREST,AQ,EPC3255E,1610665,INT,28/Feb/2020,,3
PMS 3258,,UV,EVEREST,UV,EPU3258E,1546066,INT,4/Jul/2017,,3
PMS 326,,C,SBS,AQ,EPC0326C,1484157,,12/Aug/2014,,3
PMS 3265,,UV,SBS,AQ,EPU3265E,1497664,INT,26/Jul/2019,,3
PMS 3265,,UV,SBS,AQ,EPU3265E,1597664,CLIENT,16/Oct/2019,,3
PMS 3265,,C,EVEREST,AQ,EPC3265E,1610513,INT,27/Feb/2020,,3
PMS 326C GREEN,,UV,EVEREST,AQ,EPS0267E,1585703,,11/Mar/2109,,3
PMS 3272,,C,EVEREST,AQ,EPC3272E,1508266,INT,6/Apr/2020,,3
PMS 3272,Advil,C,Everest,,1613084-1319,1613084,Int,16/Apr/2020,Hard Dri for blister coating,3
PMS 3275,,UV,EVEREST,,EPU3275E,1513153,,11/Jan/2016,,3
PMS 3278,,UV,EVEREST,AQ,EPU3278E,1613775,INT,29/Nov/2017,RUN DENSITY DOWN TO MATCH PMS BOOK. SHADE IS GOOD,3
PMS 3278C Green,,UV,Foil Board,UV MATTE,EPS0308C,1613776,Int,30/Apr/2020,,3
PMS 3282,,UV,EVEREST,AQ,EPU3282C,1560737,INT,1/Feb/2018,,3
PMS 3282,,UV,CCNB,AQ,EPS0193C,1544101,,,,3
PMS 3288,,UV,EVEREST,UV,EPU3288E,1557812,CLIENT,12/Dec/2017,,3
PMS 328C,,UV,EVEREST,MATTE UV,EPU0328E,1578492,,8/Nov/2018,,3
PMS 329,,UV,EVEREST,UV,EPU0329E,1538140,INT,21/Feb/2017,,3
PMS 3295,,UV,EVEREST,AQ,EPU3295C,1560857,INT,1/Feb/2018,,3
PMS 3295C GREEN,,UV,EVEREST,AQ,EPS0278E,1585696,,11/Mar/2109,,3
PMS 3302,,C,EVEREST,AQ,EPC3302E,1567257,INT,2/May/2018,,3
PMS 333,,UV,EVEREST,UV,EPU0333E,1563826,CLIENT,20/Feb/2018,,3
PMS 3375,,UV,EVEREST,UV,EPU3375E,1546067,INT,4/Jul/2017,,3
PMS 3385,,UV,EVEREST,AQ,EPU3385E,1577887,,30/Oct/2018,,3
PMS 340,,C,EVEREST,AQ,EPC0340E,1585891,INT,13/Mar/2019,,3
PMS 3405,,UV,EVEREST,UV,EPU3405E,1546068,INT,4/Jul/2017,,3
PMS 340C,,UV,PRINTKOTE,AQ,EPU0340C,1531305,INT,27/Oct/2016,,3
PMS 342,,C,EVEREST,ST,EPC0342E,1585353,INT,6/Mar/2019,,3
PMS 343,,C,EVEREST,AQ,EPC0343E,1613312,Int,21/Apr/2020,,3
PMS 3435,,UV,EVEREST,AQ,EPU3435E,1536727,INT,2/Feb/2017,,3
PMS 3435,,UV,EVEREST,UV,EPU3435E,1536727,INT,23/Feb/2017,,3
PMS 344,HOMEOCAN,UV,EVEREST,AQ,EPU0344E,1557568,CLIENT,8/Dec/2017,,3
PMS 344,,UV,SBS,AQ,EPU0344E,1557568,INT,10/Oct/2019,,3
PMS 344,,C,,,EPC0344E,1599267,INT,23/Aug/2016,,3
PMS 348C,,UV,EVEREST,UV,EPU0348E,1488604,,28/Jan/2020,,3
PMS 348C,,UV,EVEREST,AQ,EPS0256E,1580332,CLIENT,12/Dec/2018,,3
PMS 348C GREEN,,UV,EVEREST,AQ,EPS0256E,1580332,CLIENT,12/Dec/2018,,3
PMS 349,,UV,EVEREST,AQ,EPU0349E,1528874,,14/Mar/2017,,3
PMS 349,,UV,CCNB,ST,EPU0349C,1528874,INT,1/Feb/2019,,3
PMS 349,,C,EVEREST,AQ,EPC0349E,1505400,,5/Oct/2018,,3
PMS 3517,,UV,Everest,AQ,EPU3517E,1613424,Int,23/Apr/2020,,3
PMS 354,HOMEOCAN,UV,EVEREST,UV,EPU0354E,1557567,INT,7/Dec/2017,,3
PMS 354,,C,CCNB,AQ,EPC0354C,1585893,INT,13/Mar/2019,,3
PMS 354,,C,EVEREST,AQ,EPC0354E,1585893,INT,7/Oct/2019,,3
PMS 355,,C,EVEREST,AQ,EPC0355E,1497599,,6/May/2016,,3
PMS 356C,,UV,EVEREST,AQ,EPU0356E,1536726,INT,2/Feb/2017,,3
PMS 3570,,UV,SBS,AQ,EPU3570E,1599916,INT,4/Sep/2019,,3
PMS 358C,,UV,EVEREST,UV,EPU0162E,1575567,,19/Sep/2018,,3
PMS 360C,,UV,COLD FOIL,UV,EPU0360E,1544140,CLIENT,19/Jun/2019,,3
PMS 360C,,UV,EVEREST,UV,EPU0360E,1544140,INT,30/May/2017,,3
PMS 361,,C,EVEREST,AQ,EPC0361Z,1519697,,16/Oct/2017,,3
PMS 362 GREEN,,UV,CCNB,AQ,EPS0195C,1544910,,14/Jun/2017,,3
PMS 362C,Advil,UV,EVEREST,AQ,EPU0362C,1593339,CLIENT,24/Apr/2020,,3
PMS 364,Advil,UV,Everest,UV,EPU0364E,1505359,Int,20/Feb/2020,,3
PMS 364,,C,EVEREST,AQ,EPC0364E,1609112,INT,4/Feb/2020,,3
PMS 366,,UV,EVEREST,AQ,EPU0366E,1528879,,14/Mar/2017,,3
PMS 367,,C,EVEREST,AQ,EPC0367E,1547874,,10/Aug/2017,,3
PMS 367C,,UV,EVEREST,MATTE,EPS0291E,1595398,INT,24/Jun/2019,,3
PMS 367C,,UV,CCNB,AQ,EPU0367C,1508125,,1/Aug/2018,,3
PMS 367C,,UV,EVEREST,,EPU0367E,1508125,,2/Oct/2015,,3
PMS 368,,C,EVEREST,AQ,EPC0368E,1608975,INT,3/Feb/2020,,3
PMS 368C,,UV,EVEREST,UV,EPU0368E,1546875,CLIENT,20/Jul/2017,,3
PMS 368C,Advil,UV,EVEREST,AQ,EPU0368E,1546875,Int,20/Apr/2020,,3
PMS 368C,,UV,CCNB,MATTE,EPU0368C,1521540,INT,26/Jun/2019,,3
PMS 368C,NORWEX,UV,CCNB,AQ,EPU0368C,1521540,,26/Apr/2018,,3
PMS 368C GREEN,,UV,MET POLY,UV,EPS0136C,1522512,CLIENT,6/Feb/2016,,3
PMS 370E,,UV,EVEREST,AQ,EPU0370E,1561728,INT,14/Feb/2018,,3
PMS 374C GREEN,,C,CCNB,AQ,EPS0104C,1473425,INT,25/Aug/2015,,3
PMS 376,,C,EVEREST,AQ,EPC0376E,1468923,,18/Sep/2018,,3
PMS 376C,,UV,SBS,UV,EPU0376C,1491221,,9/Apr/2015,,3
PMS 376C GREEN,,UV,CARTONMATE,AQ,EPS0139C,1522850,,7/Jun/2016,,3
PMS 377C,Advil,UV,Everest,AQ,EPU0377E,1613794,Int,30/Apr/2020,,3
PMS 382C,,UV,EVEREST,UV,EPU0382E,1510054,,1/Aug/2018,,3
PMS 382C GREEN,,C,EVEREST,AQ,EPS0382C,1490129,INT,11/Aug/2015,,3
PMS 389,,UV,EVEREST,AQ,EPU0389E,1611283,INT,10/Mar/2020,,3
PMS 3945,,UV,EVEREST,AQ,EPU3945E,1538929,INT,3/Mar/2017,,3
PMS 398,,C,CCNB,MATTE AQ,EPC0398C,1578970,,16/Nov/2018,,3
PMS 398C,,UV,CCNB,MATTE AQ,EPU0398C,1578069,CLIENT,2/Nov/2018,,3
PMS 405,,C,CCNB,,EPC0405C,1513519,INT,15/Jan/2016,,3
PMS 408,,C,EVEREST,AQ,EPC0408E,1610226,INT,24/Feb/2020,,3
PMS 417,,UV,EVEREST,SOFT TOUCH VARNISH,EPU0417E,1541956,,17/Oct/2017,,3
PMS 417,,UV,CCNB,AQ,EPU0417C,1541956,INT,24/Apr/2017,,3
PMS 422,,C,EVEREST,AQ,EPC0422E,1574256,,28/Aug/2018,,3
PMS 423,,C,EVEREST,AQ,EPC0423E,1598126,INT,15/Aug/2019,,3
PMS 423C,,UV,EVEREST,UV,EPU0423E,1593829,,3/Jun/2019,,3
PMS 424,,C,EVEREST,AQ,EPC0424E,1597977,,15/Aug/2019,,3
PMS 425,,UV,EVEREST,AQ,EPU0425E,1505814,INT,25/Aug/2015,,3
PMS 425,,C,EVEREST,AQ,EPC0425E,1508892,,26/Sep/2018,,3
PMS 427,,C,CONQUEST,AQ,EPC0427C,1573973,INT,23/Aug/2018,,3
PMS 429,,UV,POLY,AQ,EPU0429E,1524623,INT,14/Sep/2016,,3
PMS 429,Advil,UV,Everest,AQ,EPU0429E,1524623,Int,25/Mar/2020,,3
PMS 429,,C,Everest,AQ,EPC0429E,1608976,Int,3/Feb/2020,,3
PMS 429C GREY,,CONV,POLY,AQ,EPS0242C,1576719,,10/Oct/2018,,3
PMS 430,,UV,EVEREST,AQ,EPU0430E,1523141,INT,13/Jun/2016,,3
PMS 431,Advil,UV,EVEREST,AQ,EPU0431E,1523104,INT,25/Mar/2020,,3
PMS 431,,C,EVEREST,AQ,EPC0431E,1497450,Int,31/Jan/2020,,3
PMS 432,,UV,CCNB,MATTE,EPU0432C,1595607,INT,26/Jun/2019,,3
PMS 448,,UV,SBS,AQ,EPU448E,1602649,INT,16/Oct/2019,,3
PMS 4645,,UV,EVEREST,AQ,EPU4645E,1607459,CLIENT,14/Jan/2020,,3
PMS 4655,,UV,CCNB,AQ,EPU4655E,1594942,INT,18/Jun/2019,,3
PMS 4655,,C,CCNB,AQ,EPC4655C,1596154,INT,5/Jul/2019,,3
PMS 4665,,C,PRINTKOTE,AQ,EPC4665E,1575192,,14/Sep/2018,,3
PMS 467,,UV,CCNB,UV,EPU0467C,1550201,INT,22/Sep/2017,,3
PMS 4675,,UV,EVEREST,AQ,EPU4675E,1539184,,8/Mar/2017,,3
PMS 469,,UV,EVEREST,AQ,EPU0469E,1553423,CLIENT,11/Oct/2017,,3
PMS 471C BROWN,,AQ,EVEREST,AQ,EPS0081E,1488714,,18/Sep/2018,,3
PMS 4725,,UV,EVEREST,AQ,EPU4725E,1553394,CLIENT,11/Oct/2017,,3
PMS 4725,,C,EVEREST,AQ,EPC4725E,1607920,INT,20/Jan/2020,,3
PMS 4745,,UV,EVEREST,AQ,EPU4745E,1553422,CLIENT,11/Oct/2017,,3
PMS 477,,UV,EVEREST,AQ,EPU0477C,1603165,CLIENT,24/Oct/2019,,3
PMS 477,,C,,,EPC0477E,1599273,INT,23/Aug/2018,,3
PMS 484,,UV,EVEREST,UV,EPU0484E,1539904,CLIENT,23/Mar/2017,,3
PMS 485,,UV,POLY,AQ,EPU0485P,1508856,INT,14/Sep/2016,,3
PMS 485,,C,POLY,AQ,EPC0485C,1494418,,9/Oct/2018,,3
PMS 485C,,UV,EVEREST,UV,EPU0485E,1489768,INT,29/Aug/2016,,3
PMS 485C RED,,UV,MILLMASK,AQ,EPS0283C,1588524,,22/Apr/2019,,3
PMS 487,,UV,EVEREST,AQ,EPU0487T,1609954,CLIENT,25/Feb/2020,,3
PMS 488,,UV,EVEREST,UV,EPU0488E,1602566,,15/Oct/2019,,3
PMS 491,,UV,CCNB,MATTE AQ,EPU0491C,1577865,,30/Oct/2018,,3
PMS 497,,C,EVEREST,AQ,EPC0497E,1498700,,18/Sep/2018,,3
PMS 4975,,UV,CCNB,AQ,EPU4975E,1594944,INT,18/Jun/2019,,3
PMS 4975,,C,CCNB,AQ,EPC4975C,1596155,INT,5/Jul/2019,,3
PMS 497C MET BROWN,,UV,MET POLY,MATTE,EPS0232C,1569556,CLIENT,7/Jun/2018,,3
PMS 504C,,UV,EVEREST,UV,EPU0504E,1605103,CLIENT,25/Nov/2019,,3
PMS 5125,,UV,EVEREST,AQ,EPU5125E,1553399,CLIENT,11/Oct/2017,,3
PMS 512E,PFIZER,UV,EVEREST,UV,EPU0512C,1587763,CLIENT,9/Apr/2019,,3
PMS 513,,UV,EVEREST,UV,EPU0513E,1535170,INT,5/Jan/2017,,3
PMS 513C PURPLE,,UV,MET POLY,UV,EPS0135C,1522401,CLIENT,6/Feb/2016,,3
PMS 519C,,UV,N FLUTE,AQ,EPU0519C,1511091,,15/Dec/2017,LIGHT,3
PMS 5255,,UV,EVEREST,UV,EPU5255E,1608934,INT,5/Feb/2020,,3
PMS 5255,,C,EVEREST,AQ,EPC5255E,1608862,,31/Jan/2020,,3
PMS 526,,UV,EVEREST,AQ,EPU0526E,1507759,,11/Mar/2019,,3
PMS 526,,C,EVEREST,AQ,EPC0526E,1507759,,10/Apr/2017,,3
PMS 5265,,C,EVEREST,AQ,EPC05265E,1575897,INT,17/May/2016,,3
PMS 527,,C,EVEREST,AQ,EPC0527C,1560898,INT,2/Feb/2018,,3
PMS 534,,UV,EVEREST,AQ,EPU0534E,1609745,INT,20/Feb/2020,,3
PMS 542,,C,EVEREST,AQ,EPC0542E,1568616,INT,24/May/2018,,3
PMS 542C,,UV,EVEREST,AQ,EPU0542E,1544539,,7/Jun/2017,,3
PMS 544,,UV,EVEREST,AQ,EPU0544E,1561572,INT,13/Feb/2018,,3
PMS 544,,C,EVEREST,AQ,EPC0544E,1492509,INT,24/Oct/2018,,3
PMS 5455,,C,EVEREST,AQ,EPC5455C,1559684,INT,23/Jan/2018,,3
PMS 546,,UV,EVEREST,UV,EPU0546E,1524969,INT,12/Jul/2016,,3
PMS 550,,C,EVEREST,AQ,EPC0550C,1499593,INT,23/Apr/2020,,3
PMS 5555,,UV,CCNB,AQ,EPU5555E,1594941,INT,18/Jun/2019,,3
PMS 5555,,C,CCNB,AQ,EPC5555C,1596156,INT,5/Jul/2019,,3
PMS 5625,,C,EVEREST,AQ,EPC5625,1575897,,26/Sep/2018,,3
PMS 565,,UV,N FLUTE,AQ,EPU0565C,1534954,INT,4/Jan/2016,,3
PMS 569,,UV,EVEREST,AQ,EPU0569E,1611284,INT,10/Mar/2020,,3
PMS 570C,,UV,EVEREST,UV,EPU0570E,1556296,INT,13/Nov/2017,RUN DENSITY DOWN A BIT,3
PMS 571C GREEN,,C,EVEREST,AQ,EPS0103E,1505208,INT,14/Aug/2015,,3
PMS 571C GREEN,,UV,EVEREST,AQ,EPS0257,1580905,CLIENT,20/Dec/2018,,3
PMS 574,,UV,CCNB,UV,EPU0574C,1550155,INT,22/Sep/2017,,3
PMS 5753,,UV,EVEREST,UV,EPU5753E,1563824,INT,20/Feb/2018,,3
PMS 576C,,UV,EVEREST,AQ,EPU0576E,1602574,INT,22/Oct/2019,,3
PMS 577C,,UV,EVEREST,UV,EPS0176E,1535756,CLIENT,17/Jan/2017,,3
PMS 577C GREEN,,UV,EVEREST,UV,EPS0176E,1535756,CLIENT,17/Jan/2017,,3
PMS 580C,,UV,EVEREST,UV,EPS0177E,1535760,CLIENT,17/Jan/2017,,3
PMS 580C GREEN,,UV,EVEREST,UV,EPS0177E,1535760,CLIENT,17/Jan/2017,,3
PMS 622,,C,EVEREST,AQ,EPC0622E,1574288,,29/Aug/2018,,3
PMS 626C GREEN,,C,CCNB,AQ,EPS0105C,1497119,INT,25/Aug/2015,,3
PMS 627C,,UV,CCNB,ST,EPU0627C,1583438,INT,1/Feb/2019,,3
PMS 630,,C,EVEREST,AQ,EPC0630E,1534561,,20/Dec/2016,,3
PMS 632C,,UV,N FLUTE,AQ,EPU0632C,1556641,INT,20/Nov/2017,,3
PMS 638C,,UV,EVEREST,UV,EPU0638E,1535282,INT,10/Jan/2014,,3
PMS 641,,UV,CCNB,AQ,EPU0641C,1515824,,1/Aug/2018,,3
PMS 641,,UV,EVEREST,,EPU0641E,1515824,INT,18/Feb/2016,,3
PMS 641 ,,C,EVEREST,AQ,EPC0641E,1507758,INT,24/Sep/2015,,3
PMS 646,,UV,EVEREST,AQ,EPU0646E,1530499,,1/Nov/2017,,3
PMS 646,,C,EVEREST,AQ,EPC0646E,1534557,INT,20/Dec/2016,RUN DENSITY LOWER,3
PMS 646C,,UV,EVEREST,ST+UV,EPU0646E,1530499,,31/Oct/2016,,3
PMS 655,,UV,EVERFEST,AQ,EPU0655E,1520546,INT,24/Feb/2017,,3
PMS 659C,,UV,EVEREST,UV,EPU0659E,1508990,INT,27/Sep/2019,,3
PMS 660C,,UV,EVEREST,AQ,EPU0660C,1547854,,24/Feb/2018,,3
PMS 661,,C,EVEREST,AQ,EPC0661E,1505904,INT,26/Aug/2015,MORE RED,3
PMS 661C,,UV,EVEREST,AQ,EPU0661E,1584892,INT,26/Feb/2019,,3
PMS 667,,UV,SBS,,EPU0667C,1530498,,3/Oct/2013,,3
PMS 667C,,UV,EVEREST,UV,EPU0667E,1530498,,31/Oct/2016,,3
PMS 709C,,UV,EVEREST,UV,EPU0709E,1527975,,1/Mar/2017,,3
PMS 711C,,UV,CCNB,ST,EPU0711C,1583435,INT,1/Feb/2019,,3
PMS 715,,C,EVEREST,AQ,EPC0715C,1548550,,23/Aug/2017,,3
PMS 716C,,UV,EVEREST,UV,EPU0716E,1565519,CLIENT,5/Apr/2018,,3
PMS 716C,,UV,EVEREST,UV,EPU0716E,1565519,,21/Nov/2018,,3
PMS 720,,UV,EVEREST,AQ,EPU0720C,1560744,INT,1/Feb/2018,,3
PMS 720,,C,EVEREST,AQ,EPC0720E,1573974,INT,23/Aug/2018,,3
PMS 7321,,UV,,MATTE AQ,EPU7621C,1577729,,26/Oct/2018,,3
PMS 7401,,UV,EVEREST,UV,EPU7401E,1488571,INT,3/Mar/2017,,3
PMS 7404,,C,EVEREST,AQ,EPC7404E,1525073,INT,19/Jul/2016,,3
PMS 7406,,UV,EVEREST,UV,EPU7406E,1579067,,19/Nov/2018,,3
PMS 7413,,UV,EVEREST,AQ,EPU7413E,1607524,CLIENT,14/Jan/2020,,3
PMS 7414,,UV,EVEREST,AQ,EPU7414E,1567928,INT,14/May/2018,,3
PMS 7424,,C,EVEREST,AQ,EPC7424E,1607913,INT,20/Jan/2020,,3
PMS 7427,,UV,CCNB,ST,EPU7427C,1525609,INT,1/Feb/2019,,3
PMS 7427,,C,CONQUEST,AQ,EPC7427C,1574061,INT,24/Aug/2018,,3
PMS 7428,,UV,CCNB,AQ,EPU7428E,1594943,INT,18/Jun/2019,,3
PMS 7428,,C,CCNB,AQ,EPC7428C,1596158,INT,5/Jul/2019,,3
PMS 7434,,UV,CCNB,MATTE AQ,EPU7434C,1578094,CLIENT,2/Nov/2018,,3
PMS 7434,,C,CCNB,MATTE AQ,EPC7434C,1579403,,27/Nov/2018,,3
PMS 7437,,UV,N FLUTE,AQ,EPU7437C,1534960,INT,4/Jan/2016,,3
PMS 7444,,C,EVEREST,AQ,EPC7444E,1520491,INT,27/Apr/2016,,3
PMS 7459,,UV,EVEREST,UV,EPU7459E,1545600,INT,26/Jun/2017,,3
PMS 7461,,C,EVEREST,AQ,EPC7461E,1525068,INT,29/Jul/2016,,3
PMS 7463,,C,EVEREST,AQ,EPC7463E,1506780,,5/Nov/2018,,3
PMS 7467,,UV,CARTONMATE,AQ,EPU7467C,1531190,INT,26/Oct/2016,,3
PMS 7467,,UV,,UV,EPU7467E,1531190,INT,8/May/2017,,3
PMS 7471,,UV,EVEREST,MATTE AQ,EPU7471E,1594098,INT,3/Jul/2019,,3
PMS 7473,,UV,,MATTE AQ,EPU7473C,157774,,26/Oct/2018,,3
PMS 7473,,C,CCNB,MATTE AQ,EPC7473C,1579381,,27/Nov/2018,,3
PMS 7481,,UV,CCNB,MATTE,EPU7481C,1595634,INT,26/Jun/2019,,3
PMS 7489,,UV,EVEREST,ST+UV,EPU7489E,1530500,,31/Oct/2016,,3
PMS 7489,,UV,CCNB,ST,EPU7489E,1530500,INT,1/Feb/2019,,3
PMS 7489,,C,EVEREST,AQ,EPC7489C,1499295,CLIENT,31/Aug/2016,,3
PMS 7493,,UV,EVEREST,UV,EPU7493E,1524966,,13/Jul/2016,,3
PMS 7493,,C,EVEREST,AQ,EPC7493E,1578070,,1/Nov/2018,,3
PMS 7496,,UV,CCNB,AQ,EPU7496C,1597077,INT,18/Jul/2019,,3
PMS 7496,,C,CCNB,AQ,EPC7496E,1576233,INT,2/Oct/2018,,3
PMS 7499C YELLOW,,UV,MET POLY,UV,EPS0227C,1570724,,30/May/2018,,3
PMS 7511,,UV,EVEREST,UV,EPU7511E,1601204,,25/Sep/2019,,3
PMS 7511,,C,,,EPC7511E,1599269,,23/Aug/2019,,3
PMS 7522,,UV,SBS,AQ,EPU7522C,1491270,,17/Dec/2014,,3
PMS 7522,,C,EVEREST,AQ,EPC7522E,1610228,INT,24/Feb/2020,,3
PMS 7544,,UV,EVEREST,,EPU7544E,1508160,,2/Oct/2015,,3
PMS 7544,,C,EVEREST,AQ,EPC7544E,1598648,INT,14/Aug/2019,,3
PMS 7545,Advil,UV,EVEREST,UV,EPU7545E,1598782,,25/Mar/2020,,3
PMS 7545,,UV,SBS,UV,EPU7545E,1598782,,27/Aug/2019,,3
PMS 7545,,C,EVEREST,AQ,EPC7545E,1609073,INT,4/Feb/2020,,3
PMS 7547,Advil,UV,Everest,UV,EPU7547E,1610617,,9/Mar/2020,,3
PMS 7547,,C,EVEREST,AQ,EPC7547E,1609156,INT,5/Feb/2020,,3
PMS 7548,,UV,EVEREST,AQ,EPU7548E,1550896,INT,4/Oct/2017,,3
PMS 7548,,C,EVEREST,AQ,EPC7548E,1585894,INT,13/Mar/2019,,3
PMS 7549,,UV,EVEREST,AQ,EPU7549,1577840,,30/Oct/2018,,3
PMS 7580,,UV,EVEREST,UV,EPU7580E,1565520,,21/Nov/2018,,3
PMS 7589,,UV,EVEREST,AQ,EPU7589E,1567954,INT,14/May/2018,,3
PMS 7597,,UV,EVEREST,AQ,EPU7597E,1600285,,10/Sep/2019,,3
PMS 7597,,C,EVEREST,AQ,EPC7597E,1588782,INT,25/Apr/2019,,3
PMS 7608,,UV,CONQUEST,,EPU7608C,1514216,,26/Jan/2016,,3
PMS 7621,,C,CCNB,AQ,EPC7621C,1578068,,1/Nov/2018,,3
PMS 7622,,UV,,MATTE AQ,EPU7622C,1577709,,26/Oct/2018,,3
PMS 7622,,C,,MATTE AQ,EPC7622C,1577853,,30/Oct/2018,,3
PMS 7625,,C,CCNB,AQ,EPC7625C,1585886,INT,13/Mar/2019,,3
PMS 7627,,UV,EVEREST,UV,EPU7627E,1564617,CLIENT,27/Mar/2018,,3
PMS 7631,,UV,CHIP,AQ,EPU7631,1553588,,2017,,3
PMS 7635,,UV,EVEREST,UV,EPU7635E,1596341,INT,9/Jul/2019,,3
PMS 7649,,UV,Everest,UV,EPU7649E,1613422,Int,23/Apr/2020,,3
PMS 7664,,UV,,MATTE AQ,EPU7664C,1577712,,26/Oct/2018,,3
PMS 7664,,C,CCNB,MATTE AQ,EPC7664C,1579377,,27/Nov/2018,,3
PMS 7671,,UV,CCNB,MATTE AQ,EPU7671C,1578098,CLIENT,2/Nov/2018,,3
PMS 7671,,C,CCNB,MATTE AQ,EPC7671C,1579406,,27/Nov/2018,,3
PMS 7672,,UV,SBS,AQ,EPU7672E,1542580,INT,3/May/2017,,3
PMS 7684,,UV,EVEREST,AQ,EPU7689E,1593763,INT,29/May/2019,,3
PMS 7686,,UV,EVEREST,AQ,EPU7686C,1560748,INT,16/Apr/2018,,3
PMS 7687,,UV,CCNB,AQ,EPU7687C,1541954,INT,24/Apr/2017,,3
PMS 7688,,UV,EVEREST,AQ,EPU7688E,1577890,,30/Oct/2018,,3
PMS 7690,,UV,EVEREST,AQ,EPU7690E,1605627,,4/Dec/2019,,3
PMS 7702,,UV,SBS,UV,EPU7702E,1598759,,27/Aug/2019,,3
PMS 7704,,C,EVEREST,AQ,EPC7704E,1530014,,5/Oct/2014,,3
PMS 7711C GREEN,,UV,GREASE RESIST,AQ,EPS0162C,1527858,INT,25/Aug/2016,,3
PMS 7712,,UV,SBS,,EPU7712C,1495132,INT,9/Mar/2015,,3
PMS 7724,,UV,EVEREST,AQ,EPU7724E,1593764,INT,29/May/2019,,3
PMS 7727,,C,EVEREST,AQ,EPC7727E,1575282,,18/Sep/2018,,3
PMS 7731,,UV,EVEREST,,EPU7731E,1511900,INT,11/Dec/2014,,3
PMS 7737,,UV,EVEREST,,EPU7737E,1508122,,2/Oct/2015,,3
PMS 7737C GREEN,,UV,,MATTE AQ,EPS0251C,1577654,,25/Oct/2018,,3
PMS 7743,,UV,CCNB,AQ,EPU7743C,1541962,INT,24/Apr/2017,,3
PMS 8006,,UV,EVEREST,UV,EPU8006C,1565805,,10/Apr/2018,,3
PMS 806,,UV,SBS,AQ,1284433-1330,1284433,,5/Apr/2018,,3
PMS 8103,,C,PRINTKOTE,AQ,EPC8103C,1540020,INT,22/Mar/2017,,3
PMS 8281,,UV,EVEREST,,EPU8281E,1513137,,11/Jan/2016,,3
PMS 8422,,UV,EVEREST,UV,EPU8422E,1546308,,10/Jul/2017,,3
PMS 871,,UV,EVEREST,UV,EPU0871C,1497999,CLIENT,21/Apr/2015,,3
PMS 872C,,UV,SBS,AQ,EPU0872C,1475449,,14/Mar/2014,,3
PMS 872C,,UV,EVEREST,UV,EPU0872E,1607521,,14/Jan/2020,,3
PMS 873,,UV,CCNB,AQ,EPU0873E,1534042,,14/Dec/2016,,3
PMS 874,,UV,EVEREST,AQ,EPU0874E,1506317,,9/Aug/2017,,3
PMS 874,,UV,CCNB,AQ,EPU0874E,1506317,,14/Dec/2016,,3
PMS 874,,C,EVEREST,AQ,EPC0874E,1537149,CLIENT,4/Feb/2017,,3
PMS 877,Advil,UV,EVEREST,AQ,EPU0877E,1406794,,30/Apr/2020,,3
PMS 877,,C,EVEREST,AQ,EPC0877C,1475391,,15/Apr/2020,,3
PMS 8863 MET RED,,UV,SBS,,EPS0100C,1503595,,10/Jul/2015,,3
PMS 9064,,UV,EVEREST,UV,EPU9064C,1497998,CLIENT,21/Apr/2015,,3
PMS 9162,,UV,EVEREST,AQ,EPU9162,1597940,INT,13/Aug/2019,,3
PMS 9303,,UV,EVEREST,UV,EPU9303E,1605026,CLIENT,11/Dec/2019,,3
PMS 9540,,UV,EVEREST,MATTE,EPU9540E,1605969,INT,10/Dec/2019,UNCOATED SIDE,3
PMS 9580,,UV,CCNB,ST,EPU9580C,1583455,,1/Feb/2019,,3
PMS BEIGE SCREENWORK,,CONV,PRINTKOTE,SATIN AQ,EPS0240C,1575398,,19/Sep/2018,,3
PMS BLACK C,LOBLAWS,UV,MILLMASK,AQ,EPS0183E,1522773,,22/Apr/2019,,3
PMS CARDBOARD BEIGE,,UV,EVEREST UNC,,EPS0239U,1575080,,,,3
PMS COOL GREY #5,,UV,EVEREST,AQ,EPS0274E,1585700,,11/Mar/2109,,3
PMS COOL GREY 5,,UV,EVEREST,AQ,EPS0218C,1560749,INT,1/Feb/2018,,3
PMS COOL GREY 8,,UV,EVEREST,AQ,EPS0217C,1559577,,17/Jan/2018,,3
PMS PANTONE PINK,,UV,EVEREST,UV,EPS0222E,1565582,CLIENT,9/Apr/2018,,3
PMS PANTONE PURPLE C,,UV,CCNB,AQ,EPS0197C,1544955,,14/Jun/2017,,3
PMS WAL FLEX BLUE C,,UV,EVEREST,AQ,EPS0221E,1565429,CLIENT,5/Apr/2018,,3
PMS WARM GREY 5 C,,UV,MILLMASK,AQ,EPS0285E,1588532,,22/Apr/2019,,3
PMS WARM RED,,UV,EVEREST,ST+UV,EPS0174E,1530492,,31/Oct/2016,,3
PMS WARM RED,,UV,EVEREST,UV,EPS0289E,1593828,,3/Jun/2019,,3
PMS YELLOW,,C,SBS,,EPS0036C,1473428,,31/Jan/2014,,3
PRO BLACK,,C,EVEREST,AQ,PRO BLACK,1263760,,6/May/2016,,3
PRO CYAN,SAP NOT EXIST,C,CCNB,,PRO CYAN,1263761,,28/Sep/2017,,3
PRO MAGENTA,,C,EVEREST,AQ,PRO MAGENTA,1263772,,6/May/2016,,3
PRO YELLOW,,C,EVEREST,AQ,PRO YELLOW,1263773,,6/May/2016,,3
PROCESS BLACK,,UV,EVEREST,AQ,PRO BLACK,1372459,CLIENT,19/Jun/2019,,3
RHODAMINE RED,,C,,,EPS0023C,1472258,INT,2/Nov/2017,,3
Rubine Red,Advil,UV,Everest,AQ,EPS0303E,1611141,INT,10/Mar/2020,,3
SLOW MAG SPECIAL 151 ORANGE,CPC,C,SBS,AQ,EPS0060C,1486523,INT,25/Sep/2014,OK TO COLOUR STANDARD,3
SLOW MAG SPECIAL 281 BLUE,CPC,C,SBS,AQ,EPS0059C,1486497,INT,25/Sep/2014,OK TO COLOUR STANDARD,3
SLOW MAG SPECIAL 626 GREEN,CPC,C,SBS,AQ,EPS0061C,1486524,INT,25/Sep/2014,OK TO COLOUR STANDARD,3
SP TUXEDO BROWN,,UV,EVEREST,AQ,EPS0090C,1500691,,8/Jun/2015,KINGS PASTRY BAR CAKE,3
SP TUXEDO YELLOW,,UV,EVEREST,AQ,EPS0091C,1500734,,8/Jun/2015,KINGS PASTRY BAR CAKE,3
TOM FORD FOIL GOLD,,UV,EVEREST,UV,EPS0123E,1519585,,12/Apr/2016,UV KCC7055,3
TUMS 2757C BLUE,NOWPAK,UV,ANGLECOAT,AQ,EPS0214C,1557684,,12/Dec/2017,,3
UP & UP CYAN,QPSI,UV,EVEREST,AQ,EPS0271C,1583307,INT,1/Feb/2019,,3
UP & UP GREEN,QPSI,UV,EVEREST,AQ,EPS0272C,1583308,INT,1/Feb/2019,,3
UP & UP RED,QPSI,UV,EVEREST,AQ,EPS0273C,1583323,INT,1/Feb/2019,,3
UV ORANGE (MADIS+IK),,UV,N FLUTE,AQ,EPS0209,1550457,,3/Oct/2017,,3
WAL FLEX BLUE,,CONV,EVEREST,AQ,EPS0236E,1574699,,6/Sep/2018,,3
WARM GREY 4C,,CONV,EVEREST,AQ,EPS0144E,1525071,CLIENT,26/Jan/2018,,3
WRIGLEYS 10451 GREEN,NOWPAK,UV,STRATHCOTE,AQ,EPS0171C,1528435,CLIENT,7/Sep/2017,,3
WRIGLEYS 10451 GREEN,NOWPAK,UV,EVEREST,AQ,EPS0171C,1528435,CLIENT,7/Sep/2017,,3
WRIGLEYS 20191 RED,NOWPAK,CONV,CCNB,AQ,EPS0243C,1577150,,17/Oct/2018,,3
WRIGLEYS 20761 RED,NOWPAK,UV,STRATHCOTE,AQ,EPS0158C,1528204,CLIENT,23/Aug/2016,,3
WRIGLEYS 22170 LT PINK,NOWPAK,UV,STRATHCOTE,AQ,EPS0151C,1528196,,23/Aug/2016,,3
WRIGLEYS 22230 PINK,NOWPAK,UV,STRATHCOTE,AQ,EPS0149C,1528192,CLIENT,23/Aug/2016,,3
WRIGLEYS 30131 DK BLUE,NOWPAK,UV,STRATHCOTE,AQ,EPS0156C,1528201,CLIENT,23/Aug/2016,,3
WRIGLEYS 3023 DK BLUE,,C,ABS,,EPS0128C,1520164,,19/Apr/2016,,3
WRIGLEYS 30231 DK BLUE,NOWPAK,UV,EVEREST,AQ,EPS0169C,1528400,CLIENT,7/Sep/2017,,3
WRIGLEYS 30671 LT GREEN,NOWPAK,UV,EVEREST,AQ,EPS0170C,1528432,CLIENT,7/Sep/2017,,3
WRIGLEYS 30671 LT GREEN,NOWPAK,UV,STRATHCOTE,AQ,EPS0170C,1528432,CLIENT,7/Sep/2017,,3
WRIGLEYS 30921 BLUE,NOWPAK,UV,EVEREST,AQ,EPS0172C,1528437,CLIENT,7/Sep/2017,,3
WRIGLEYS 30921 BLUE,NOWPAK,UV,STRATHCOTE,AQ,EPS0172C,1528437,CLIENT,7/Sep/2017,,3
WRIGLEYS 31321,NOWPAK,UV,STRATHCOTE,AQ,EPS0167C,1528208,,24/Sep/2014,,3
WRIGLEYS 31921 BLUE,NOWPAK,UV,EVEREST,AQ,EPS0238E,1574812,CLIENT,10/Sep/2018,,3
WRIGLEYS 32130 BLUE,NOWPAK,UV,STRATHCOTE,AQ,EPS0155C,1528200,CLIENT,23/Aug/2016,,3
WRIGLEYS 40621 YELLOW,NOWPAK,UV,STRATHCOTE,,EPS0159C,1527968,,29/Aug/2016,,3
WRIGLEYS 40640 YELLOW,NOWPAK,UV,STRATHCOTE,AQ,EPS0153C,1528198,CLIENT,23/Aug/2016,,3
WRIGLEYS 40640 YELLOW,NOWPAK,CONV,CCNB,AQ,EPS20245C,1577598,,25/Oct/2018,,3
WRIGLEYS 60211 PURPLE,NOWPAK,UV,STRATHCOTE,AQ,EPS0157C,1528203,CLIENT,23/Aug/2016,,3
WRIGLEYS 90041M SILVER,NOWPAK,UV,EVEREST,AQ,EPS0168,1528370,CLIENT,7/Sep/2017,,3
WRIGLEYS DK BLUE 30131,NOWPAK,CONV,CCNB,AQ,EPS0250C,1577612,,25/Oct/2018,,3
WRIGLEYS LT PINK 22170,NOWPAK,CONV,CCNB,AQ,EPS0246C,1577624,,25/Oct/2018,,3
WRIGLEYS PINK 22230 ,NOWPAK,CONV,CCNB,AQ,EPS0247C,1577623,,25/Oct/2018,,3
WRIGLEYS PURPLE 60211,NOWPAK,CONV,CCNB,AQ,EPS0249C,1577601,,25/Oct/2018,,3
WRIGLEYS RED 20761,NOWPAK,CONV,CCNB,AQ,EPS0248C,1577599,,25/Oct/2018,,3
WRIGLEYS RED 22101,NOWPAK,CONV,CCNB,AQ,EPS0234C,1573538,CLIENT,19/Sep/2018,,3
WRIGLEYS YELLOW 40621,NOWPAK,UV,CCNB,AQ,EPS0233C,1573536,CLIENT,16/Sep/2018,,3
ZERO FRICTION BLUE,,UV,EVEREST,UV,EPS0122E,1518940,,4/Apr/2016,UV KCC7055,3